Model,Accuracy,Macro F1,Macro P,Macro R,week
SVM Linear (C=1000),0.4778225806451613,0.43788624098857787,0.5235658943493171,0.44154858299595146,8
"SVM RBF (g=0.1, C=1000)",0.5342741935483871,0.3759883846757044,0.333708923151096,0.43585526315789475,8
SVM Poly (degree=4),0.4657258064516129,0.4412261891766477,0.4657041777304566,0.44795883940620784,8
