k,ari,nmi,inertia,n_iter
8,0.05840874922618823,0.11875111391670393,192471.19024141703,15
